{
  "manifest_version": "1.0",
  "encoding": "UTF-8",
  "operation": "QPU_INTEGRATION_MANIFEST",
  "vendor": "<REPLACE_WITH_VENDOR_NAME>",
  "vendor_endpoint": "<REPLACE_WITH_VENDOR_API_ENDPOINT>",
  "vendor_contact": "<REPLACE_WITH_VENDOR_CONTACT>",
  "allowed_job_types": ["circuit_execution", "vqe", "qaoa"],
  "rate_limits": {
    "max_jobs_per_hour": 10,
    "max_qubits_per_job": 30
  },
  "authentication": {
    "method": "PKI",
    "public_key_location": "/secure/keys/vendor_pub.pem",
    "signature_scheme": "rsa-pss-sha256"
  },
  "safety_controls": {
    "human_in_loop": true,
    "manual_physical_key_required": true,
    "precheck_simulation_mandatory": true
  },
  "fallback": {
    "simulator_endpoint": "local://simulate_q_test.py",
    "auto_fallback_on_failure": true
  },
  "metadata": {
    "created_utc": "REPLACE_AT_CREATION",
    "checksum_algorithm": "SHA-512"
  },
  "notes": "Do NOT enable automatic production QPU activation until all human and legal signatures are present."
}

