{
  "framework": "Spira QPU Simulation Framework",
  "total_reports": 2,
  "verified_integrity": true,
  "timestamp_utc": "2025-10-18T16:37:55Z",
  "reports": [
    {
      "file": "sim_report.json",
      "operation": "SIMULATE_QUANTUM_TEST",
      "timestamp": "2025-10-18T16:28:41Z",
      "hash": "6688004e6e5b8487f16ee48864f939fe9d5b45ea7dc48d4e7cfb41c758bda38d2c6ad0ece2234ea804f534c8cf141335defbd2a709a215a36dca344dd9150ed0"
    },
    {
      "file": "sim_report_clean.json",
      "operation": "SIMULATE_QUANTUM_TEST",
      "timestamp": "2025-10-18T16:28:41Z",
      "hash": "6688004e6e5b8487f16ee48864f939fe9d5b45ea7dc48d4e7cfb41c758bda38d2c6ad0ece2234ea804f534c8cf141335defbd2a709a215a36dca344dd9150ed0"
    }
  ]
}